pool_name,query_jid,query_formula,candidate_jid,formula,reduced_formula,material_type,dataset_kind,chemical_system,composition_family,material_family,formula_family,prototype_family,structure_variant,family_confidence,same_formula_family,same_prototype_family,same_structure_variant,elements,element_overlap_count,element_overlap_fraction_query,same_chemical_system,same_composition_family,same_material_family,spacegroup_number,spacegroup_symbol,crystal_system_code,symmetry_match,symmetry_distance,formation_energy,formation_energy_peratom,energy_above_hull,known_synthesized,stability_label,selection_reason,selection_score,rank_in_pool,missing_fields
wildcard,JVASP-142153,Li7Mn2Co3O12,JVASP-147242,Li4Mn3CoO8,Li4Mn3CoO8,bulk,dft_3d,Co-Li-Mn-O,oxide,oxide,AB3C4D8,unknown,unknown,0.35,False,True,True,Co;Li;Mn;O,4,1.0,True,True,True,12,,2,False,4.0,-1.9125400000000001,-1.9125400000000001,0.093,,stable_or_known,deterministic stable/known wildcard sample outside selected pools,3.0,1,known_synthesized
wildcard,JVASP-142153,Li7Mn2Co3O12,JVASP-120610,Li3MnCoO5,Li3MnCoO5,bulk,dft_3d,Co-Li-Mn-O,oxide,oxide,ABC3D5,unknown,unknown,0.35,False,True,True,Co;Li;Mn;O,4,1.0,True,True,True,1,,1,False,7.0,-1.98078,-1.98078,0.0109,,stable_or_known,deterministic stable/known wildcard sample outside selected pools,3.0,2,known_synthesized
wildcard,JVASP-142153,Li7Mn2Co3O12,JVASP-47561,Li3MnCo2O6,Li3Mn(CoO3)2,bulk,dft_3d,Co-Li-Mn-O,oxide,oxide,ABC3D3,unknown,unknown,0.35,False,True,True,Co;Li;Mn;O,4,1.0,True,True,True,12,,2,False,4.0,-1.77699,-1.77699,0.0582,,stable_or_known,deterministic stable/known wildcard sample outside selected pools,3.0,3,known_synthesized
wildcard,JVASP-142153,Li7Mn2Co3O12,JVASP-141076,Li2MnCoO4,Li2MnCoO4,bulk,dft_3d,Co-Li-Mn-O,oxide,oxide,ABC2D4,unknown,unknown,0.35,False,True,True,Co;Li;Mn;O,4,1.0,True,True,True,12,,2,False,4.0,-1.8369,-1.8369,0.0673,,stable_or_known,deterministic stable/known wildcard sample outside selected pools,3.0,4,known_synthesized
wildcard,JVASP-142153,Li7Mn2Co3O12,JVASP-143548,Li4MnCo3O8,Li4MnCo3O8,bulk,dft_3d,Co-Li-Mn-O,oxide,oxide,AB3C4D8,unknown,unknown,0.35,False,True,True,Co;Li;Mn;O,4,1.0,True,True,True,12,,2,False,4.0,-1.73485,-1.73485,0.0658,,stable_or_known,deterministic stable/known wildcard sample outside selected pools,3.0,5,known_synthesized
wildcard,JVASP-142153,Li7Mn2Co3O12,JVASP-112908,Li5MnCo2O8,Li5Mn(CoO4)2,bulk,dft_3d,Co-Li-Mn-O,oxide,oxide,ABC4D5,unknown,unknown,0.35,False,True,True,Co;Li;Mn;O,4,1.0,True,True,True,8,,2,True,0.0,-1.83695,-1.83695,0.0824,,stable_or_known,deterministic stable/known wildcard sample outside selected pools,3.0,6,known_synthesized
wildcard,JVASP-142153,Li7Mn2Co3O12,JVASP-117126,Li4MnCo2O7,Li4MnCo2O7,bulk,dft_3d,Co-Li-Mn-O,oxide,oxide,AB2C4D7,unknown,unknown,0.35,True,True,True,Co;Li;Mn;O,4,1.0,True,True,True,12,,2,False,4.0,-1.84432,-1.84432,0.06330000000000001,,stable_or_known,deterministic stable/known wildcard sample outside selected pools,3.0,7,known_synthesized
wildcard,JVASP-142153,Li7Mn2Co3O12,JVASP-112919,Li7Mn4CoO12,Li7Mn4CoO12,bulk,dft_3d,Co-Li-Mn-O,oxide,oxide,AB4C7D12,unknown,unknown,0.35,False,True,True,Co;Li;Mn;O,4,1.0,True,True,True,6,,2,False,2.0,-2.01139,-2.01139,0.0663,,stable_or_known,deterministic stable/known wildcard sample outside selected pools,3.0,8,known_synthesized
wildcard,JVASP-142153,Li7Mn2Co3O12,JVASP-143567,Li7Mn2Co3O12,Li7Mn2(CoO4)3,bulk,dft_3d,Co-Li-Mn-O,oxide,oxide,AB2C4D7,unknown,unknown,0.35,True,True,True,Co;Li;Mn;O,4,1.0,True,True,True,3,,2,False,5.0,-1.92172,-1.92172,0.020900000000000002,,stable_or_known,deterministic stable/known wildcard sample outside selected pools,3.0,9,known_synthesized
wildcard,JVASP-142153,Li7Mn2Co3O12,JVASP-116504,Li7Mn2Co3O12,Li7Mn2(CoO4)3,bulk,dft_3d,Co-Li-Mn-O,oxide,oxide,AB2C4D7,unknown,unknown,0.35,True,True,True,Co;Li;Mn;O,4,1.0,True,True,True,12,,2,False,4.0,-1.92961,-1.92961,0.013000000000000001,,stable_or_known,deterministic stable/known wildcard sample outside selected pools,3.0,10,known_synthesized
wildcard,JVASP-142153,Li7Mn2Co3O12,JVASP-47011,Li4MnOF4,Li4MnOF4,bulk,dft_3d,F-Li-Mn-O,oxide,oxide,ABC4D4,unknown,unknown,0.35,False,True,True,F;Li;Mn;O,3,0.75,False,True,True,87,,4,False,79.0,-2.69745,-2.69745,0.0,,stable_or_known,deterministic stable/known wildcard sample outside selected pools,2.875,11,known_synthesized
wildcard,JVASP-142153,Li7Mn2Co3O12,JVASP-117300,LiMnPO4,LiMnPO4,bulk,dft_3d,Li-Mn-O-P,oxide,oxide,ABCD4,unknown,unknown,0.35,False,True,True,Li;Mn;O;P,3,0.75,False,True,True,33,,3,False,25.0,-2.21112,-2.21112,0.0074,,stable_or_known,deterministic stable/known wildcard sample outside selected pools,2.875,12,known_synthesized
wildcard,JVASP-142153,Li7Mn2Co3O12,JVASP-121903,LiMnP2O7,LiMnP2O7,bulk,dft_3d,Li-Mn-O-P,oxide,oxide,ABC2D7,unknown,unknown,0.35,False,True,True,Li;Mn;O;P,3,0.75,False,True,True,5,,2,False,3.0,-2.23967,-2.23967,0.0,,stable_or_known,deterministic stable/known wildcard sample outside selected pools,2.875,13,known_synthesized
wildcard,JVASP-142153,Li7Mn2Co3O12,JVASP-147713,Li2MnC2O6,Li2Mn(CO3)2,bulk,dft_3d,C-Li-Mn-O,oxide,oxide,ABC2D3,unknown,unknown,0.35,False,True,True,C;Li;Mn;O,3,0.75,False,True,True,14,,2,False,6.0,-1.73031,-1.73031,0.0641,,stable_or_known,deterministic stable/known wildcard sample outside selected pools,2.875,14,known_synthesized
wildcard,JVASP-142153,Li7Mn2Co3O12,JVASP-147243,Li7Co5O12,Li7Co5O12,bulk,dft_3d,Co-Li-O,oxide,oxide,A5B7C12,unknown,unknown,0.35,False,True,True,Co;Li;O,3,0.75,False,True,True,12,,2,False,4.0,-1.72669,-1.72669,0.0261,,stable_or_known,deterministic stable/known wildcard sample outside selected pools,2.875,15,known_synthesized
wildcard,JVASP-142153,Li7Mn2Co3O12,JVASP-143260,Li4Mn3SbP4O16,Li4Mn3Sb(PO4)4,bulk,dft_3d,Li-Mn-O-P-Sb,oxide,oxide,ABC3D4E4,unknown,unknown,0.35,False,True,True,Li;Mn;O;P;Sb,3,0.75,False,True,True,6,,2,False,2.0,-2.11817,-2.11817,0.0743,,stable_or_known,deterministic stable/known wildcard sample outside selected pools,2.875,16,known_synthesized
wildcard,JVASP-142153,Li7Mn2Co3O12,JVASP-98001,LiMnO4,LiMnO4,bulk,dft_3d,Li-Mn-O,oxide,oxide,ABC4,unknown,unknown,0.35,False,True,True,Li;Mn;O,3,0.75,False,True,True,63,,3,False,55.0,-1.6372200000000001,-1.6372200000000001,0.0,True,stable_or_known,deterministic stable/known wildcard sample outside selected pools,2.875,17,
wildcard,JVASP-142153,Li7Mn2Co3O12,JVASP-45849,LiCoPO4,LiCoPO4,bulk,dft_3d,Co-Li-O-P,oxide,oxide,ABCD4,unknown,unknown,0.35,False,True,True,Co;Li;O;P,3,0.75,False,True,True,9,,2,False,1.0,-1.9085100000000002,-1.9085100000000002,0.0811,,stable_or_known,deterministic stable/known wildcard sample outside selected pools,2.875,18,known_synthesized
wildcard,JVASP-142153,Li7Mn2Co3O12,JVASP-47554,Li2TiCo2O6,Li2Ti(CoO3)2,bulk,dft_3d,Co-Li-O-Ti,oxide,oxide,ABC2D3,unknown,unknown,0.35,False,True,True,Co;Li;O;Ti,3,0.75,False,True,True,64,,3,False,56.0,-2.03973,-2.03973,0.0843,,stable_or_known,deterministic stable/known wildcard sample outside selected pools,2.875,19,known_synthesized
wildcard,JVASP-142153,Li7Mn2Co3O12,JVASP-106890,Li2FeCoO4,Li2FeCoO4,bulk,dft_3d,Co-Fe-Li-O,oxide,oxide,ABC2D4,unknown,unknown,0.35,False,True,True,Co;Fe;Li;O,3,0.75,False,True,True,10,,2,False,2.0,-1.73892,-1.73892,0.0041,,stable_or_known,deterministic stable/known wildcard sample outside selected pools,2.875,20,known_synthesized
wildcard,JVASP-142153,Li7Mn2Co3O12,JVASP-44446,Li2Mn3CuO8,Li2Mn3CuO8,bulk,dft_3d,Cu-Li-Mn-O,oxide,oxide,AB2C3D8,unknown,unknown,0.35,False,True,True,Cu;Li;Mn;O,3,0.75,False,True,True,9,,2,False,1.0,-1.80145,-1.80145,0.0164,,stable_or_known,deterministic stable/known wildcard sample outside selected pools,2.875,21,known_synthesized
wildcard,JVASP-142153,Li7Mn2Co3O12,JVASP-44630,Li4MnV2WO12,Li4MnV2WO12,bulk,dft_3d,Li-Mn-O-V-W,oxide,oxide,ABC2D4E12,unknown,unknown,0.35,False,True,True,Li;Mn;O;V;W,3,0.75,False,True,True,1,,1,False,7.0,-2.31066,-2.31066,0.0811,,stable_or_known,deterministic stable/known wildcard sample outside selected pools,2.875,22,known_synthesized
wildcard,JVASP-142153,Li7Mn2Co3O12,JVASP-140544,Li2Mn3SbO8,Li2Mn3SbO8,bulk,dft_3d,Li-Mn-O-Sb,oxide,oxide,AB2C3D8,unknown,unknown,0.35,False,True,True,Li;Mn;O;Sb,3,0.75,False,True,True,12,,2,False,4.0,-1.86229,-1.86229,0.0922,,stable_or_known,deterministic stable/known wildcard sample outside selected pools,2.875,23,known_synthesized
wildcard,JVASP-142153,Li7Mn2Co3O12,JVASP-43301,LiMnO2,LiMnO2,bulk,dft_3d,Li-Mn-O,oxide,oxide,ABC2,unknown,unknown,0.35,False,True,True,Li;Mn;O,3,0.75,False,True,True,15,,2,False,7.0,-1.94893,-1.94893,0.0902,,stable_or_known,deterministic stable/known wildcard sample outside selected pools,2.875,24,known_synthesized
wildcard,JVASP-142153,Li7Mn2Co3O12,JVASP-116856,Li2MnVO4,Li2MnVO4,bulk,dft_3d,Li-Mn-O-V,oxide,oxide,ABC2D4,unknown,unknown,0.35,False,True,True,Li;Mn;O;V,3,0.75,False,True,True,2,,1,False,6.0,-2.23131,-2.23131,0.052700000000000004,,stable_or_known,deterministic stable/known wildcard sample outside selected pools,2.875,25,known_synthesized
wildcard,JVASP-142153,Li7Mn2Co3O12,JVASP-40696,LiMnPO4,LiMnPO4,bulk,dft_3d,Li-Mn-O-P,oxide,oxide,ABCD4,unknown,unknown,0.35,False,True,True,Li;Mn;O;P,3,0.75,False,True,True,33,,3,False,25.0,-2.12368,-2.12368,0.0949,,stable_or_known,deterministic stable/known wildcard sample outside selected pools,2.875,26,known_synthesized
wildcard,JVASP-142153,Li7Mn2Co3O12,JVASP-141151,LiCoPO4,LiCoPO4,bulk,dft_3d,Co-Li-O-P,oxide,oxide,ABCD4,unknown,unknown,0.35,False,True,True,Co;Li;O;P,3,0.75,False,True,True,19,,3,False,11.0,-1.96617,-1.96617,0.0234,,stable_or_known,deterministic stable/known wildcard sample outside selected pools,2.875,27,known_synthesized
wildcard,JVASP-142153,Li7Mn2Co3O12,JVASP-144090,LiMnPO4,LiMnPO4,bulk,dft_3d,Li-Mn-O-P,oxide,oxide,ABCD4,unknown,unknown,0.35,False,True,True,Li;Mn;O;P,3,0.75,False,True,True,33,,3,False,25.0,-2.14854,-2.14854,0.07,,stable_or_known,deterministic stable/known wildcard sample outside selected pools,2.875,28,known_synthesized
wildcard,JVASP-142153,Li7Mn2Co3O12,JVASP-48112,LiMn2B2O6,LiMn2(BO3)2,bulk,dft_3d,B-Li-Mn-O,oxide,oxide,ABC2D3,unknown,unknown,0.35,False,True,True,B;Li;Mn;O,3,0.75,False,True,True,1,,1,False,7.0,-2.11697,-2.11697,0.0908,,stable_or_known,deterministic stable/known wildcard sample outside selected pools,2.875,29,known_synthesized
wildcard,JVASP-142153,Li7Mn2Co3O12,JVASP-46720,LiMn2P2O8,LiMn2(PO4)2,bulk,dft_3d,Li-Mn-O-P,oxide,oxide,ABC2D4,unknown,unknown,0.35,False,True,True,Li;Mn;O;P,3,0.75,False,True,True,14,,2,False,6.0,-2.15458,-2.15458,0.010700000000000001,,stable_or_known,deterministic stable/known wildcard sample outside selected pools,2.875,30,known_synthesized
wildcard,JVASP-142153,Li7Mn2Co3O12,JVASP-144234,LiCo3O2F6,LiCo3(OF3)2,bulk,dft_3d,Co-F-Li-O,oxide,oxide,ABC3D3,unknown,unknown,0.35,False,True,True,Co;F;Li;O,3,0.75,False,True,True,2,,1,False,6.0,-1.9165100000000002,-1.9165100000000002,0.0001,,stable_or_known,deterministic stable/known wildcard sample outside selected pools,2.875,31,known_synthesized
wildcard,JVASP-142153,Li7Mn2Co3O12,JVASP-141584,Li6MnCrP2C2O14,Li6MnCrP2(CO7)2,bulk,dft_3d,C-Cr-Li-Mn-O-P,oxide,oxide,ABCD2E6F7,unknown,unknown,0.35,False,True,True,C;Cr;Li;Mn;O;P,3,0.75,False,True,True,6,,2,False,2.0,-2.10049,-2.10049,0.0,,stable_or_known,deterministic stable/known wildcard sample outside selected pools,2.875,32,known_synthesized
wildcard,JVASP-142153,Li7Mn2Co3O12,JVASP-147244,Li4Mn3O7,Li4Mn3O7,bulk,dft_3d,Li-Mn-O,oxide,oxide,A3B4C7,unknown,unknown,0.35,False,True,True,Li;Mn;O,3,0.75,False,True,True,2,,1,False,6.0,-2.05757,-2.05757,0.0534,,stable_or_known,deterministic stable/known wildcard sample outside selected pools,2.875,33,known_synthesized
wildcard,JVASP-142153,Li7Mn2Co3O12,JVASP-43510,LiCoNiO4,LiCoNiO4,bulk,dft_3d,Co-Li-Ni-O,oxide,oxide,ABCD4,unknown,unknown,0.35,False,True,True,Co;Li;Ni;O,3,0.75,False,True,True,74,,3,False,66.0,-1.41721,-1.41721,0.0173,,stable_or_known,deterministic stable/known wildcard sample outside selected pools,2.875,34,known_synthesized
wildcard,JVASP-142153,Li7Mn2Co3O12,JVASP-48527,Li4Fe3CoO8,Li4Fe3CoO8,bulk,dft_3d,Co-Fe-Li-O,oxide,oxide,AB3C4D8,unknown,unknown,0.35,False,True,True,Co;Fe;Li;O,3,0.75,False,True,True,12,,2,False,4.0,-1.74149,-1.74149,0.0241,,stable_or_known,deterministic stable/known wildcard sample outside selected pools,2.875,35,known_synthesized
wildcard,JVASP-142153,Li7Mn2Co3O12,JVASP-146610,Li5Mn3Fe2O10,Li5Mn3(FeO5)2,bulk,dft_3d,Fe-Li-Mn-O,oxide,oxide,AB3C5D5,unknown,unknown,0.35,False,True,True,Fe;Li;Mn;O,3,0.75,False,True,True,2,,1,False,6.0,-1.90429,-1.90429,0.06860000000000001,,stable_or_known,deterministic stable/known wildcard sample outside selected pools,2.875,36,known_synthesized
wildcard,JVASP-142153,Li7Mn2Co3O12,JVASP-112905,Li3Mn2O5,Li3Mn2O5,bulk,dft_3d,Li-Mn-O,oxide,oxide,A2B3C5,unknown,unknown,0.35,False,True,True,Li;Mn;O,3,0.75,False,True,True,12,,2,False,4.0,-2.1394,-2.1394,0.0,,stable_or_known,deterministic stable/known wildcard sample outside selected pools,2.875,37,known_synthesized
wildcard,JVASP-142153,Li7Mn2Co3O12,JVASP-119735,Li3Ti2MnO6,Li3Ti2MnO6,bulk,dft_3d,Li-Mn-O-Ti,oxide,oxide,AB2C3D6,unknown,unknown,0.35,False,True,True,Li;Mn;O;Ti,3,0.75,False,True,True,2,,1,False,6.0,-2.62898,-2.62898,0.058800000000000005,,stable_or_known,deterministic stable/known wildcard sample outside selected pools,2.875,38,known_synthesized
wildcard,JVASP-142153,Li7Mn2Co3O12,JVASP-141004,Li2MnVP2H2O10,Li2MnVP2(HO5)2,bulk,dft_3d,H-Li-Mn-O-P-V,oxide,oxide,ABCD2E2F5,unknown,unknown,0.35,False,True,True,H;Li;Mn;O;P;V,3,0.75,False,True,True,2,,1,False,6.0,-2.14031,-2.14031,0.0,,stable_or_known,deterministic stable/known wildcard sample outside selected pools,2.875,39,known_synthesized
wildcard,JVASP-142153,Li7Mn2Co3O12,JVASP-146324,Li7Co5O12,Li7Co5O12,bulk,dft_3d,Co-Li-O,oxide,oxide,A5B7C12,unknown,unknown,0.35,False,True,True,Co;Li;O,3,0.75,False,True,True,2,,1,False,6.0,-1.75045,-1.75045,0.0024000000000000002,,stable_or_known,deterministic stable/known wildcard sample outside selected pools,2.875,40,known_synthesized
wildcard,JVASP-142153,Li7Mn2Co3O12,JVASP-44629,MnCo4O8,Mn(CoO2)4,bulk,dft_3d,Co-Mn-O,oxide,oxide,ABC2,unknown,unknown,0.35,False,True,True,Co;Mn;O,3,0.75,False,True,True,12,,2,False,4.0,-1.18772,-1.18772,0.093,,stable_or_known,deterministic stable/known wildcard sample outside selected pools,2.875,41,known_synthesized
wildcard,JVASP-142153,Li7Mn2Co3O12,JVASP-139967,LiCoPO4,LiCoPO4,bulk,dft_3d,Co-Li-O-P,oxide,oxide,ABCD4,unknown,unknown,0.35,False,True,True,Co;Li;O;P,3,0.75,False,True,True,29,,3,False,21.0,-1.9379300000000002,-1.9379300000000002,0.0517,,stable_or_known,deterministic stable/known wildcard sample outside selected pools,2.875,42,known_synthesized
wildcard,JVASP-142153,Li7Mn2Co3O12,JVASP-44710,Li2MnFeO4,Li2MnFeO4,bulk,dft_3d,Fe-Li-Mn-O,oxide,oxide,ABC2D4,unknown,unknown,0.35,False,True,True,Fe;Li;Mn;O,3,0.75,False,True,True,10,,2,False,2.0,-1.9024,-1.9024,0.0397,,stable_or_known,deterministic stable/known wildcard sample outside selected pools,2.875,43,known_synthesized
wildcard,JVASP-142153,Li7Mn2Co3O12,JVASP-118986,Li7Co5O12,Li7Co5O12,bulk,dft_3d,Co-Li-O,oxide,oxide,A5B7C12,unknown,unknown,0.35,False,True,True,Co;Li;O,3,0.75,False,True,True,2,,1,False,6.0,-1.74943,-1.74943,0.0034000000000000002,,stable_or_known,deterministic stable/known wildcard sample outside selected pools,2.875,44,known_synthesized
wildcard,JVASP-142153,Li7Mn2Co3O12,JVASP-120421,Li7Co5O12,Li7Co5O12,bulk,dft_3d,Co-Li-O,oxide,oxide,A5B7C12,unknown,unknown,0.35,False,True,True,Co;Li;O,3,0.75,False,True,True,12,,2,False,4.0,-1.7508700000000001,-1.7508700000000001,0.002,,stable_or_known,deterministic stable/known wildcard sample outside selected pools,2.875,45,known_synthesized
wildcard,JVASP-142153,Li7Mn2Co3O12,JVASP-119380,Li5Co2Ni5O12,Li5Co2Ni5O12,bulk,dft_3d,Co-Li-Ni-O,oxide,oxide,A2B5C5D12,unknown,unknown,0.35,False,True,True,Co;Li;Ni;O,3,0.75,False,True,True,1,,1,False,7.0,-1.41379,-1.41379,0.0329,,stable_or_known,deterministic stable/known wildcard sample outside selected pools,2.875,46,known_synthesized
wildcard,JVASP-142153,Li7Mn2Co3O12,JVASP-147431,LiMn2O3F,LiMn2O3F,bulk,dft_3d,F-Li-Mn-O,oxide,oxide,ABC2D3,unknown,unknown,0.35,False,True,True,F;Li;Mn;O,3,0.75,False,True,True,33,,3,False,25.0,-1.92526,-1.92526,0.0,,stable_or_known,deterministic stable/known wildcard sample outside selected pools,2.875,47,known_synthesized
wildcard,JVASP-142153,Li7Mn2Co3O12,JVASP-146259,Li4Mn3FeB4O12,Li4Mn3Fe(BO3)4,bulk,dft_3d,B-Fe-Li-Mn-O,oxide,oxide,ABC3D3E4,unknown,unknown,0.35,False,True,True,B;Fe;Li;Mn;O,3,0.75,False,True,True,1,,1,False,7.0,-2.14534,-2.14534,0.0785,,stable_or_known,deterministic stable/known wildcard sample outside selected pools,2.875,48,known_synthesized
wildcard,JVASP-142153,Li7Mn2Co3O12,JVASP-133633,Li2MnO2F,Li2MnO2F,bulk,dft_3d,F-Li-Mn-O,oxide,oxide,ABC2D2,unknown,unknown,0.35,False,True,True,F;Li;Mn;O,3,0.75,False,True,True,5,,2,False,3.0,-2.26433,-2.26433,0.0,,stable_or_known,deterministic stable/known wildcard sample outside selected pools,2.875,49,known_synthesized
wildcard,JVASP-142153,Li7Mn2Co3O12,JVASP-46697,LiMn3OF5,LiMn3OF5,bulk,dft_3d,F-Li-Mn-O,oxide,oxide,ABC3D5,unknown,unknown,0.35,False,True,True,F;Li;Mn;O,3,0.75,False,True,True,1,,1,False,7.0,-2.28752,-2.28752,0.0,,stable_or_known,deterministic stable/known wildcard sample outside selected pools,2.875,50,known_synthesized
wildcard,JVASP-142153,Li7Mn2Co3O12,JVASP-42275,Li2Co4O3F8,Li2Co4O3F8,bulk,dft_3d,Co-F-Li-O,oxide,oxide,A2B3C4D8,unknown,unknown,0.35,False,True,True,Co;F;Li;O,3,0.75,False,True,True,2,,1,False,6.0,-1.9144700000000001,-1.9144700000000001,0.07540000000000001,,stable_or_known,deterministic stable/known wildcard sample outside selected pools,2.875,51,known_synthesized
wildcard,JVASP-142153,Li7Mn2Co3O12,JVASP-47581,Li4Mn3NiP4O16,Li4Mn3Ni(PO4)4,bulk,dft_3d,Li-Mn-Ni-O-P,oxide,oxide,ABC3D4E4,unknown,unknown,0.35,False,True,True,Li;Mn;Ni;O;P,3,0.75,False,True,True,6,,2,False,2.0,-2.15082,-2.15082,0.0346,,stable_or_known,deterministic stable/known wildcard sample outside selected pools,2.875,52,known_synthesized
wildcard,JVASP-142153,Li7Mn2Co3O12,JVASP-59909,Li3Co4O8,Li3(CoO2)4,bulk,dft_3d,Co-Li-O,oxide,oxide,AB2C3,unknown,unknown,0.35,False,True,True,Co;Li;O,3,0.75,False,True,True,12,,2,False,4.0,-1.5756400000000002,-1.5756400000000002,0.0258,,stable_or_known,deterministic stable/known wildcard sample outside selected pools,2.875,53,known_synthesized
wildcard,JVASP-142153,Li7Mn2Co3O12,JVASP-44502,Li4Co5NiO12,Li4Co5NiO12,bulk,dft_3d,Co-Li-Ni-O,oxide,oxide,AB4C5D12,unknown,unknown,0.35,False,True,True,Co;Li;Ni;O,3,0.75,False,True,True,12,,2,False,4.0,-1.49571,-1.49571,0.058800000000000005,,stable_or_known,deterministic stable/known wildcard sample outside selected pools,2.875,54,known_synthesized
wildcard,JVASP-142153,Li7Mn2Co3O12,JVASP-116853,Li5Co7O12,Li5Co7O12,bulk,dft_3d,Co-Li-O,oxide,oxide,A5B7C12,unknown,unknown,0.35,False,True,True,Co;Li;O,3,0.75,False,True,True,5,,2,False,3.0,-1.49217,-1.49217,0.0838,,stable_or_known,deterministic stable/known wildcard sample outside selected pools,2.875,55,known_synthesized
wildcard,JVASP-142153,Li7Mn2Co3O12,JVASP-140529,Li2CoCuO4,Li2CoCuO4,bulk,dft_3d,Co-Cu-Li-O,oxide,oxide,ABC2D4,unknown,unknown,0.35,False,True,True,Co;Cu;Li;O,3,0.75,False,True,True,44,,3,False,36.0,-1.4229800000000001,-1.4229800000000001,0.09630000000000001,,stable_or_known,deterministic stable/known wildcard sample outside selected pools,2.875,56,known_synthesized
wildcard,JVASP-142153,Li7Mn2Co3O12,JVASP-42975,Li4Mn3FeB4O12,Li4Mn3Fe(BO3)4,bulk,dft_3d,B-Fe-Li-Mn-O,oxide,oxide,ABC3D3E4,unknown,unknown,0.35,False,True,True,B;Fe;Li;Mn;O,3,0.75,False,True,True,1,,1,False,7.0,-2.13071,-2.13071,0.0931,,stable_or_known,deterministic stable/known wildcard sample outside selected pools,2.875,57,known_synthesized
wildcard,JVASP-142153,Li7Mn2Co3O12,JVASP-137590,Li7Mn5O12,Li7Mn5O12,bulk,dft_3d,Li-Mn-O,oxide,oxide,A5B7C12,unknown,unknown,0.35,False,True,True,Li;Mn;O,3,0.75,False,True,True,2,,1,False,6.0,-2.1227300000000002,-2.1227300000000002,0.0002,,stable_or_known,deterministic stable/known wildcard sample outside selected pools,2.875,58,known_synthesized
wildcard,JVASP-142153,Li7Mn2Co3O12,JVASP-145536,Li7Mn5O12,Li7Mn5O12,bulk,dft_3d,Li-Mn-O,oxide,oxide,A5B7C12,unknown,unknown,0.35,False,True,True,Li;Mn;O,3,0.75,False,True,True,1,,1,False,7.0,-2.11343,-2.11343,0.0095,,stable_or_known,deterministic stable/known wildcard sample outside selected pools,2.875,59,known_synthesized
wildcard,JVASP-142153,Li7Mn2Co3O12,JVASP-97849,Na2Li3CoO4,Na2Li3CoO4,bulk,dft_3d,Co-Li-Na-O,oxide,oxide,AB2C3D4,unknown,unknown,0.35,False,True,True,Co;Li;Na;O,3,0.75,False,True,True,58,,3,False,50.0,-1.7283300000000001,-1.7283300000000001,0.028900000000000002,True,stable_or_known,deterministic stable/known wildcard sample outside selected pools,2.875,60,
wildcard,JVASP-142153,Li7Mn2Co3O12,JVASP-119249,LiCo2O4,Li(CoO2)2,bulk,dft_3d,Co-Li-O,oxide,oxide,ABC2,unknown,unknown,0.35,False,True,True,Co;Li;O,3,0.75,False,True,True,10,,2,False,2.0,-1.44906,-1.44906,0.0432,,stable_or_known,deterministic stable/known wildcard sample outside selected pools,2.875,61,known_synthesized
wildcard,JVASP-142153,Li7Mn2Co3O12,JVASP-117289,Li4CoSn3P4O16,Li4CoSn3(PO4)4,bulk,dft_3d,Co-Li-O-P-Sn,oxide,oxide,ABC3D4E4,unknown,unknown,0.35,False,True,True,Co;Li;O;P;Sn,3,0.75,False,True,True,6,,2,False,2.0,-2.08278,-2.08278,0.031200000000000002,,stable_or_known,deterministic stable/known wildcard sample outside selected pools,2.875,62,known_synthesized
wildcard,JVASP-142153,Li7Mn2Co3O12,JVASP-42818,Li2MnO2F,Li2MnO2F,bulk,dft_3d,F-Li-Mn-O,oxide,oxide,ABC2D2,unknown,unknown,0.35,False,True,True,F;Li;Mn;O,3,0.75,False,True,True,15,,2,False,7.0,-2.28127,-2.28127,0.0,,stable_or_known,deterministic stable/known wildcard sample outside selected pools,2.875,63,known_synthesized
wildcard,JVASP-142153,Li7Mn2Co3O12,JVASP-42268,LiMnSiO4,LiMnSiO4,bulk,dft_3d,Li-Mn-O-Si,oxide,oxide,ABCD4,unknown,unknown,0.35,False,True,True,Li;Mn;O;Si,3,0.75,False,True,True,62,,3,False,54.0,-2.32926,-2.32926,0.09870000000000001,,stable_or_known,deterministic stable/known wildcard sample outside selected pools,2.875,64,known_synthesized
wildcard,JVASP-142153,Li7Mn2Co3O12,JVASP-144730,LiMn2P2O8,LiMn2(PO4)2,bulk,dft_3d,Li-Mn-O-P,oxide,oxide,ABC2D4,unknown,unknown,0.35,False,True,True,Li;Mn;O;P,3,0.75,False,True,True,14,,2,False,6.0,-2.16533,-2.16533,0.0,,stable_or_known,deterministic stable/known wildcard sample outside selected pools,2.875,65,known_synthesized
wildcard,JVASP-142153,Li7Mn2Co3O12,JVASP-140592,Li4Co7O3F13,Li4Co7O3F13,bulk,dft_3d,Co-F-Li-O,oxide,oxide,A3B4C7D13,unknown,unknown,0.35,False,True,True,Co;F;Li;O,3,0.75,False,True,True,1,,1,False,7.0,-1.97063,-1.97063,0.0932,,stable_or_known,deterministic stable/known wildcard sample outside selected pools,2.875,66,known_synthesized
wildcard,JVASP-142153,Li7Mn2Co3O12,JVASP-141535,Li4Co5SnO12,Li4Co5SnO12,bulk,dft_3d,Co-Li-O-Sn,oxide,oxide,AB4C5D12,unknown,unknown,0.35,False,True,True,Co;Li;O;Sn,3,0.75,False,True,True,12,,2,False,4.0,-1.60359,-1.60359,0.0417,,stable_or_known,deterministic stable/known wildcard sample outside selected pools,2.875,67,known_synthesized
wildcard,JVASP-142153,Li7Mn2Co3O12,JVASP-144422,LiMn2P2O8,LiMn2(PO4)2,bulk,dft_3d,Li-Mn-O-P,oxide,oxide,ABC2D4,unknown,unknown,0.35,False,True,True,Li;Mn;O;P,3,0.75,False,True,True,7,,2,False,1.0,-2.08308,-2.08308,0.0823,,stable_or_known,deterministic stable/known wildcard sample outside selected pools,2.875,68,known_synthesized
wildcard,JVASP-142153,Li7Mn2Co3O12,JVASP-46253,Li2CoGeO4,Li2CoGeO4,bulk,dft_3d,Co-Ge-Li-O,oxide,oxide,ABC2D4,unknown,unknown,0.35,False,True,True,Co;Ge;Li;O,3,0.75,False,True,True,31,,3,False,23.0,-1.78369,-1.78369,0.0685,,stable_or_known,deterministic stable/known wildcard sample outside selected pools,2.875,69,known_synthesized
wildcard,JVASP-142153,Li7Mn2Co3O12,JVASP-145527,Li3Fe2CoO6,Li3Fe2CoO6,bulk,dft_3d,Co-Fe-Li-O,oxide,oxide,AB2C3D6,unknown,unknown,0.35,False,True,True,Co;Fe;Li;O,3,0.75,False,True,True,12,,2,False,4.0,-1.75441,-1.75441,0.0037,,stable_or_known,deterministic stable/known wildcard sample outside selected pools,2.875,70,known_synthesized
wildcard,JVASP-142153,Li7Mn2Co3O12,JVASP-42799,Li5MnNi4O10,Li5Mn(Ni2O5)2,bulk,dft_3d,Li-Mn-Ni-O,oxide,oxide,AB2C5D5,unknown,unknown,0.35,False,True,True,Li;Mn;Ni;O,3,0.75,False,True,True,2,,1,False,6.0,-1.5822,-1.5822,0.0475,,stable_or_known,deterministic stable/known wildcard sample outside selected pools,2.875,71,known_synthesized
wildcard,JVASP-142153,Li7Mn2Co3O12,JVASP-144881,Li2MnFeB2O6,Li2MnFe(BO3)2,bulk,dft_3d,B-Fe-Li-Mn-O,oxide,oxide,ABCD2E3,unknown,unknown,0.35,False,True,True,B;Fe;Li;Mn;O,3,0.75,False,True,True,2,,1,False,6.0,-2.11571,-2.11571,0.0941,,stable_or_known,deterministic stable/known wildcard sample outside selected pools,2.875,72,known_synthesized
wildcard,JVASP-142153,Li7Mn2Co3O12,JVASP-141862,Li4Co5O12,Li4Co5O12,bulk,dft_3d,Co-Li-O,oxide,oxide,A4B5C12,unknown,unknown,0.35,False,True,True,Co;Li;O,3,0.75,False,True,True,1,,1,False,7.0,-1.44612,-1.44612,0.0584,,stable_or_known,deterministic stable/known wildcard sample outside selected pools,2.875,73,known_synthesized
wildcard,JVASP-142153,Li7Mn2Co3O12,JVASP-139828,Li3Fe2Co2O8,Li3Fe2(CoO4)2,bulk,dft_3d,Co-Fe-Li-O,oxide,oxide,AB2C3D4,unknown,unknown,0.35,False,True,True,Co;Fe;Li;O,3,0.75,False,True,True,12,,2,False,4.0,-1.6408800000000001,-1.6408800000000001,0.0565,,stable_or_known,deterministic stable/known wildcard sample outside selected pools,2.875,74,known_synthesized
wildcard,JVASP-142153,Li7Mn2Co3O12,JVASP-121936,Li2Mn4OF8,Li2Mn4OF8,bulk,dft_3d,F-Li-Mn-O,oxide,oxide,AB2C4D8,unknown,unknown,0.35,False,True,True,F;Li;Mn;O,3,0.75,False,True,True,9,,2,False,1.0,-2.4272,-2.4272,0.0,,stable_or_known,deterministic stable/known wildcard sample outside selected pools,2.875,75,known_synthesized
wildcard,JVASP-142153,Li7Mn2Co3O12,JVASP-112907,Li3Co2O5,Li3Co2O5,bulk,dft_3d,Co-Li-O,oxide,oxide,A2B3C5,unknown,unknown,0.35,False,True,True,Co;Li;O,3,0.75,False,True,True,12,,2,False,4.0,-1.72976,-1.72976,0.031200000000000002,,stable_or_known,deterministic stable/known wildcard sample outside selected pools,2.875,76,known_synthesized
wildcard,JVASP-142153,Li7Mn2Co3O12,JVASP-45057,Li4MnCr5O12,Li4MnCr5O12,bulk,dft_3d,Cr-Li-Mn-O,oxide,oxide,AB4C5D12,unknown,unknown,0.35,False,True,True,Cr;Li;Mn;O,3,0.75,False,True,True,12,,2,False,4.0,-2.10906,-2.10906,0.0805,,stable_or_known,deterministic stable/known wildcard sample outside selected pools,2.875,77,known_synthesized
wildcard,JVASP-142153,Li7Mn2Co3O12,JVASP-146257,LiCo2P2O8,LiCo2(PO4)2,bulk,dft_3d,Co-Li-O-P,oxide,oxide,ABC2D4,unknown,unknown,0.35,False,True,True,Co;Li;O;P,3,0.75,False,True,True,7,,2,False,1.0,-1.8261100000000001,-1.8261100000000001,0.0473,,stable_or_known,deterministic stable/known wildcard sample outside selected pools,2.875,78,known_synthesized
wildcard,JVASP-142153,Li7Mn2Co3O12,JVASP-47027,Li2CrCoO4,Li2CrCoO4,bulk,dft_3d,Co-Cr-Li-O,oxide,oxide,ABC2D4,unknown,unknown,0.35,False,True,True,Co;Cr;Li;O,3,0.75,False,True,True,10,,2,False,2.0,-1.9513800000000001,-1.9513800000000001,0.0245,,stable_or_known,deterministic stable/known wildcard sample outside selected pools,2.875,79,known_synthesized
wildcard,JVASP-142153,Li7Mn2Co3O12,JVASP-40672,LiMnPO4,LiMnPO4,bulk,dft_3d,Li-Mn-O-P,oxide,oxide,ABCD4,unknown,unknown,0.35,False,True,True,Li;Mn;O;P,3,0.75,False,True,True,62,,3,False,54.0,-2.16513,-2.16513,0.0534,,stable_or_known,deterministic stable/known wildcard sample outside selected pools,2.875,80,known_synthesized
wildcard,JVASP-142153,Li7Mn2Co3O12,JVASP-40991,Li3MnP2O8,Li3Mn(PO4)2,bulk,dft_3d,Li-Mn-O-P,oxide,oxide,ABC3D4,unknown,unknown,0.35,False,True,True,Li;Mn;O;P,3,0.75,False,True,True,14,,2,False,6.0,-2.34195,-2.34195,0.0181,,stable_or_known,deterministic stable/known wildcard sample outside selected pools,2.875,81,known_synthesized
wildcard,JVASP-142153,Li7Mn2Co3O12,JVASP-46394,LiMnBO4,LiMnBO4,bulk,dft_3d,B-Li-Mn-O,oxide,oxide,ABCD4,unknown,unknown,0.35,False,True,True,B;Li;Mn;O,3,0.75,False,True,True,62,,3,False,54.0,-2.21485,-2.21485,0.041800000000000004,,stable_or_known,deterministic stable/known wildcard sample outside selected pools,2.875,82,known_synthesized
wildcard,JVASP-142153,Li7Mn2Co3O12,JVASP-48715,Li2CoSiO4,Li2CoSiO4,bulk,dft_3d,Co-Li-O-Si,oxide,oxide,ABC2D4,unknown,unknown,0.35,False,True,True,Co;Li;O;Si,3,0.75,False,True,True,12,,2,False,4.0,-2.19316,-2.19316,0.09190000000000001,,stable_or_known,deterministic stable/known wildcard sample outside selected pools,2.875,83,known_synthesized
wildcard,JVASP-142153,Li7Mn2Co3O12,JVASP-46716,LiMn2P2O8,LiMn2(PO4)2,bulk,dft_3d,Li-Mn-O-P,oxide,oxide,ABC2D4,unknown,unknown,0.35,False,True,True,Li;Mn;O;P,3,0.75,False,True,True,5,,2,False,3.0,-2.07327,-2.07327,0.0921,,stable_or_known,deterministic stable/known wildcard sample outside selected pools,2.875,84,known_synthesized
wildcard,JVASP-142153,Li7Mn2Co3O12,JVASP-48324,Li4Mn7O2F14,Li4Mn7(OF7)2,bulk,dft_3d,F-Li-Mn-O,oxide,oxide,AB4C7D7,unknown,unknown,0.35,False,True,True,F;Li;Mn;O,3,0.75,False,True,True,12,,2,False,4.0,-2.39733,-2.39733,0.0,,stable_or_known,deterministic stable/known wildcard sample outside selected pools,2.875,85,known_synthesized
wildcard,JVASP-142153,Li7Mn2Co3O12,JVASP-117066,LiCoPO4,LiCoPO4,bulk,dft_3d,Co-Li-O-P,oxide,oxide,ABCD4,unknown,unknown,0.35,False,True,True,Co;Li;O;P,3,0.75,False,True,True,2,,1,False,6.0,-1.9549400000000001,-1.9549400000000001,0.0347,,stable_or_known,deterministic stable/known wildcard sample outside selected pools,2.875,86,known_synthesized
wildcard,JVASP-142153,Li7Mn2Co3O12,JVASP-122391,Li3MnNi2O6,Li3Mn(NiO3)2,bulk,dft_3d,Li-Mn-Ni-O,oxide,oxide,ABC3D3,unknown,unknown,0.35,False,True,True,Li;Mn;Ni;O,3,0.75,False,True,True,15,,2,False,7.0,-1.67245,-1.67245,0.0502,,stable_or_known,deterministic stable/known wildcard sample outside selected pools,2.875,87,known_synthesized
wildcard,JVASP-142153,Li7Mn2Co3O12,JVASP-133641,Li5Mn7O12,Li5Mn7O12,bulk,dft_3d,Li-Mn-O,oxide,oxide,A5B7C12,unknown,unknown,0.35,False,True,True,Li;Mn;O,3,0.75,False,True,True,5,,2,False,3.0,-1.89064,-1.89064,0.0646,,stable_or_known,deterministic stable/known wildcard sample outside selected pools,2.875,88,known_synthesized
wildcard,JVASP-142153,Li7Mn2Co3O12,JVASP-139913,Li2Co3O6,Li2(CoO2)3,bulk,dft_3d,Co-Li-O,oxide,oxide,AB2C2,unknown,unknown,0.35,False,True,True,Co;Li;O,3,0.75,False,True,True,64,,3,False,56.0,-1.49415,-1.49415,0.07250000000000001,,stable_or_known,deterministic stable/known wildcard sample outside selected pools,2.875,89,known_synthesized
wildcard,JVASP-142153,Li7Mn2Co3O12,JVASP-112512,Li4Mn3CrO8,Li4Mn3CrO8,bulk,dft_3d,Cr-Li-Mn-O,oxide,oxide,AB3C4D8,unknown,unknown,0.35,False,True,True,Cr;Li;Mn;O,3,0.75,False,True,True,12,,2,False,4.0,-2.07648,-2.07648,0.0109,,stable_or_known,deterministic stable/known wildcard sample outside selected pools,2.875,90,known_synthesized
wildcard,JVASP-142153,Li7Mn2Co3O12,JVASP-116863,LiCoPO4,LiCoPO4,bulk,dft_3d,Co-Li-O-P,oxide,oxide,ABCD4,unknown,unknown,0.35,False,True,True,Co;Li;O;P,3,0.75,False,True,True,60,,3,False,52.0,-1.95327,-1.95327,0.0363,,stable_or_known,deterministic stable/known wildcard sample outside selected pools,2.875,91,known_synthesized
wildcard,JVASP-142153,Li7Mn2Co3O12,JVASP-46809,LiMnSi2O6,LiMn(SiO3)2,bulk,dft_3d,Li-Mn-O-Si,oxide,oxide,ABCD3,unknown,unknown,0.35,False,True,True,Li;Mn;O;Si,3,0.75,False,True,True,15,,2,False,7.0,-2.53946,-2.53946,0.030500000000000003,,stable_or_known,deterministic stable/known wildcard sample outside selected pools,2.875,92,known_synthesized
wildcard,JVASP-142153,Li7Mn2Co3O12,JVASP-42300,Li4Mn3Cr3O12,Li4Mn3Cr3O12,bulk,dft_3d,Cr-Li-Mn-O,oxide,oxide,A3B3C4D12,unknown,unknown,0.35,False,True,True,Cr;Li;Mn;O,3,0.75,False,True,True,22,,3,False,14.0,-2.05294,-2.05294,0.094,,stable_or_known,deterministic stable/known wildcard sample outside selected pools,2.875,93,known_synthesized
wildcard,JVASP-142153,Li7Mn2Co3O12,JVASP-120579,Li3Ti2Co3O10,Li3Ti2Co3O10,bulk,dft_3d,Co-Li-O-Ti,oxide,oxide,A2B3C3D10,unknown,unknown,0.35,False,True,True,Co;Li;O;Ti,3,0.75,False,True,True,2,,1,False,6.0,-2.12735,-2.12735,0.0916,,stable_or_known,deterministic stable/known wildcard sample outside selected pools,2.875,94,known_synthesized
wildcard,JVASP-142153,Li7Mn2Co3O12,JVASP-144774,Li2CoP2O7,Li2CoP2O7,bulk,dft_3d,Co-Li-O-P,oxide,oxide,AB2C2D7,unknown,unknown,0.35,False,True,True,Co;Li;O;P,3,0.75,False,True,True,15,,2,False,7.0,-2.13057,-2.13057,0.020200000000000003,,stable_or_known,deterministic stable/known wildcard sample outside selected pools,2.875,95,known_synthesized
wildcard,JVASP-142153,Li7Mn2Co3O12,JVASP-144269,LiMnVO4,LiMnVO4,bulk,dft_3d,Li-Mn-O-V,oxide,oxide,ABCD4,unknown,unknown,0.35,False,True,True,Li;Mn;O;V,3,0.75,False,True,True,74,,3,False,66.0,-2.29397,-2.29397,0.0,,stable_or_known,deterministic stable/known wildcard sample outside selected pools,2.875,96,known_synthesized
wildcard,JVASP-142153,Li7Mn2Co3O12,JVASP-48196,Li2Co2SiO6,Li2Co2SiO6,bulk,dft_3d,Co-Li-O-Si,oxide,oxide,AB2C2D6,unknown,unknown,0.35,False,True,True,Co;Li;O;Si,3,0.75,False,True,True,64,,3,False,56.0,-1.9391100000000001,-1.9391100000000001,0.0863,,stable_or_known,deterministic stable/known wildcard sample outside selected pools,2.875,97,known_synthesized
wildcard,JVASP-142153,Li7Mn2Co3O12,JVASP-113209,Li2Mn2OF6,Li2Mn2OF6,bulk,dft_3d,F-Li-Mn-O,oxide,oxide,AB2C2D6,unknown,unknown,0.35,False,True,True,F;Li;Mn;O,3,0.75,False,True,True,2,,1,False,6.0,-2.65522,-2.65522,0.0,,stable_or_known,deterministic stable/known wildcard sample outside selected pools,2.875,98,known_synthesized
wildcard,JVASP-142153,Li7Mn2Co3O12,JVASP-42821,LiFeCoO4,LiFeCoO4,bulk,dft_3d,Co-Fe-Li-O,oxide,oxide,ABCD4,unknown,unknown,0.35,False,True,True,Co;Fe;Li;O,3,0.75,False,True,True,74,,3,False,66.0,-1.52806,-1.52806,0.0863,,stable_or_known,deterministic stable/known wildcard sample outside selected pools,2.875,99,known_synthesized
wildcard,JVASP-142153,Li7Mn2Co3O12,JVASP-143987,Li4NbCo5O12,Li4NbCo5O12,bulk,dft_3d,Co-Li-Nb-O,oxide,oxide,AB4C5D12,unknown,unknown,0.35,False,True,True,Co;Li;Nb;O,3,0.75,False,True,True,12,,2,False,4.0,-1.73805,-1.73805,0.062,,stable_or_known,deterministic stable/known wildcard sample outside selected pools,2.875,100,known_synthesized
